IDDIST	NDISTRITO	
01	PUERTO
02	BARRIO INDUSTRIAL
03	HOSPITAL
04	CAUPOLICN
05	PLAYA BRAVA
06	CAVANCHA
07	PARQUE BALMACEDA
08	ARTURO PRAT
09	PUNTA LOBOS
10	GOMEZ CARREO
11	LA TIRANA
99	
01	AUTDROMO
02	ALTO HOSPICIO
03	SANTA ROSA
04	PAMPA DEL MOLLE
99	
01	POZO ALMONTE
02	MAMIA
03	LA TIRANA
05	GUATACONDO
06	LAGUNAS
07	BUENAVENTURA
99	
01	CAMIA
99	
01	ISLUGA
02	CARIQUIMA
03	PUCHULDIZA
04	CAICO
99	
01	HUARA
02	TARAPAC
03	GUAVIA
04	PISAGUA
05	TANA
06	MIIMIE
07	CHIAPA
08	SOGA
99	
01	PICA
02	SALAR DE COPOSA
03	CANCOSA
04	SALAR DEL HUASCO
99	
01	LA CHIMBA
02	PORTALES
03	BARRIO INDUSTRIAL
04	ARTURO PRAT
05	MIRAMAR
06	COMERCIO
07	RESIDENCIAL
08	ESTADIO REGIONAL
09	HUANCHACA
10	COLOSO
11	MANTOS BLANCOS
12	AGUAS BLANCAS
13	SALAR PUNTA NEGRA
14	HUAMACHUCO
15	IRARRZAVAL
16	PEDRO AGUIRRE CERDA
17	OSCAR BONILLA
18	SALAR DEL CARMEN
99	
01	MEJILLONES
02	CALETA LOS HORNOS
99	
01	PAMPA UNIN
02	BOQUETE
03	BAQUEDANO
04	SALINAS
99	
01	EL PUERTO
02	FERROCARRIL
03	LA CALETA
04	PAPOSO
05	SANTA LUISA
07	CATALINA
08	GUANACO
09	QUEBRADA DEL JUNCAL
99	
01	CALAMA
02	CHUQUICAMATA
03	VOLCN MIO
05	REGIMIENTO
06	CEMENTERIO
07	BERNARDO O'HIGGINS
08	JAVIERA CARRERA
09	CHACABUCO
10	MANUEL RODRGUEZ
11	MAIP
12	INDEPENDENCIA
13	CHIUCHIU
14	AEROPUERTO EL LOA
15	CASPANA
99	
01	OLLAGE
02	ASCOTN
01	SAN PEDRO DE ATACAMA
02	TOCONAO
03	SOCAIRE
99	
01	COMERCIO
02	HOSPITAL
03	GUACHN
04	BARRILES
05	GATICO
06	ESTACIN
99	
01	QUILLAGUA
03	TOCO
04	MARA ELENA
05	FRANCISCO VERGARA
06	PEDRO DE VALDIVIA
99	
01	SALAS
02	INFANTE
03	LETELIER
04	PLAZA
05	MQUINA DEL PUENTE
06	CERRO
07	REGIMIENTO
08	LOS AROMOS
09	CEMENTERIO
10	CANDELERO
11	UNIVERSIDAD
12	TOLEDO
13	CASTILLA
14	CERRO BLANCO
15	PUNTA DE DAZ
16	VIITA
17	MONTE AMARGO
18	CARRERA PINTO
19	PUQUIOS
20	SAN MIGUEL
21	PUNTA NEGRA
22	TOTORAL
23	ELEUTERIO RAMREZ
24	DIEGO DE ALMAGRO
99	
01	CALDERA
02	TOTORALILLO
03	PUERTO VIEJO
04	TOTORAL
99	
01	TIERRA AMARILLA
02	LOMAS BAYAS
03	LA JUNTA
04	SAN ANTONIO
05	LOS LOROS
06	BORDOS
07	PABELLN
99	
01	CHAARAL
02	SALADO
03	FLAMENCO
99	
01	DIEGO DE ALMAGRO
02	SALVADOR
03	POTRERILLOS
04	INCA DE ORO
01	SARGENTO ALDEA
02	O'HIGGINS
03	LIBERTAD
04	HERMANOS CARRERA
05	LOS CANALES
06	EL ZAPALLO
07	VIZCACHITAS
08	DOMEYKO
09	LAS VENTANAS
10	ALGARROBAL
11	LAS CUAS
12	IMPERIAL
13	INCAGUASI
15	CAMARONES
99	
01	ALTO DEL CARMEN
02	LA MARQUESA
03	EL TRNSITO
04	CONAY
05	LA PAMPA
06	LA HIGUERITA
07	SAN FLIX
08	LA MAJADA
09	RETAMO
10	EL CORRAL
11	ALGODN
12	SIERRA CATALINA
99	
01	CAPOTE
02	FREIRINA
03	QUEBRADITA
04	CARRIZALILLO
99	
01	HUASCO
02	CARRIZAL
99	
01	INTENDENCIA
02	MERCADO
03	FRANCISCO DE AGUIRRE
04	LAS VEGAS
05	LA PAMPA
06	LA FLORIDA
07	ALGARROBITO
08	PORVENIR
09	LAS ROJAS
10	ROMERO
11	CONDORIACO
12	ALMIRANTE LATORRE
13	ISLN
14	LA COMPAA
15	UNIVERSIDAD
16	LA COMPAA ALTA
17	EL OLIVAR
99	
01	ADUANA
02	LORD COCHRANE
03	BUEN PASTOR
04	BAQUEDANO
05	CANTERA
06	PAN DE AZCAR
07	CERRILLOS
08	LA HERRADURA
09	ESTACIN
10	EL PEN
11	TAMBILLOS
12	LAS CARDAS
13	CAMARONES
14	EL TANGUE
15	TONGOY
16	GUANAQUEROS
17	TIERRAS BLANCAS
18	LAS ROSAS
99	
01	ANDACOLLO
02	CORRAL QUEMADO
03	MAITENCILLO
04	LA CALDERA
99	
01	LA HIGUERA
02	QUEBRADA HONDA
03	EL TOFO
04	CRUZ GRANDE
05	LOS CHOROS
06	EL TRAPICHE
07	TRES CRUCES
08	PUNTA COLORADA
09	EL TORNO
99	
01	PAIGUANO
02	LA QUEBRADA
03	LA BAJADA
04	QUEBRADA DE PINTO
05	MONTE GRANDE
06	ALCOGUS
07	PISCO ELQUI
08	JARILLAS
99	
01	VICUA NORTE
02	VICUA SUR
03	SAN ISIDRO
04	DIAGUITAS
05	PERALILLO
06	EL TAMBO
07	ALGODONES
08	EL ARRAYN
09	EL MOLLE
10	MARQUESA
11	GUALLIGUAICA
12	RIVADAVIA
13	VARILLAR
15	GUANTA
99	
01	CIUDAD ORIENTE
02	CIUDAD PONIENTE
03	QUILLAICILLO
04	TUNGA NORTE
05	PLAN DE HORNOS
06	HACIENDA ILLAPEL
07	LIMAHUIDA
08	CHOAPA
09	CUZCUZ
10	TUNGA SUR
11	CHILLN
12	SANTA VIRGINIA
99	
01	MINCHA
02	QUELN
03	HUENTELAUQUN SUR
04	HUENTELAUQUN NORTE
05	PUERTO OSCURO
06	LAS PALMAS
07	ESPRITU SANTO
08	CHILCAL
09	COLIGE
10	LOS POZOS
11	CANELA ALTA
12	CANELA BAJA
13	AGUA FRA
14	ATELCURA
99	
01	LOS VILOS
02	LAS VACAS
03	CAIMANES
04	TILAMA
05	LOS CNDORES
06	GUANGAL
07	QUILIMAR
08	CHIGUALOCO
99	
01	SALAMANCA
02	CHALINGA
03	TEBAL
04	ARBOLEDA GRANDE
05	CUNLAGUA
06	SAN AGUSTN
07	SANTA ROSA
08	LLIMPO
09	CHILLEPN
10	CUNCUMN
11	TRANQUILLA
12	COIRN
13	QUELN
14	TAMBO
15	TAHUINCO
16	CHICHII
17	HIGUERILLA
99	
01	FERROCARRIL
02	PLAZA DE ARMAS
03	MIRADOR
04	LA CHIMBA
05	LIMAR
06	TALHUN
07	EL INGENIO
08	LAGUNILLAS
09	ANGOSTURA
10	HIGUERITAS
11	PANULCILLO
12	PEJERREYES
13	ALGARROBO
14	GUAMALATA
15	SAMO BAJO
16	SOTAQU
17	LA PALOMA
18	GUALLILLINGA
19	LA TORRE
20	LAS SOSSAS
21	CERRILLOS
22	ORURO
23	FRAY JORGE
24	PACHINGO
25	EL COBRE
26	BARRAZA
27	CAMARICO
28	CHALINGA
29	LOS CANELOS
30	HORNILLOS
31	PEA BLANCA
32	LOS LOROS
33	SOCOS
99	
01	CIUDAD ORIENTE
02	CIUDAD PONIENTE
03	SORUCO
04	QUILITAPIA
05	EL SAUCE
06	LA LIGUA
07	COGOT
08	CHPICA
09	VALLE HERMOSO
10	PAMA
11	HUILMO
12	SAN MARCOS
13	EL MAITN
14	LITIPAMPA
15	RAMADILLA
99	
01	MONTE PATRIA
02	JUNTAS
03	CAMPANARIO
04	CERRILLOS
05	RAPEL
06	LAS MOLLACAS
07	EL MAQUI
08	PEDREGAL
09	LAS RAMADAS
10	TULAHUN
11	CARN
12	COLLIGUAY
13	SEMITA
14	CHILECITO
15	MIALQUI
16	MAL PASO
17	PALQUI
18	GUATULAME
19	GUANILLAS
20	SAN LORENZO
21	CHAARAL ALTO
22	LOS MORALES
99	
01	PUNITAQUI
02	EL ALTAR
03	LLANO DE LA LAJA
04	CAMARICO VIEJO
05	SAN PEDRO DE QUILES
06	PARRAL
99	
01	LAS BREAS
02	CACHACOS
03	SAMO ALTO
04	PICHASCA
05	FUNDINA
06	SERN
07	HURTADO
08	CHAAR
09	TABAQUEROS
10	EL ROMERAL
99	
01	POBLACIONES PLAYA ANCHA
02	PLAYA ANCHA
03	CERRO SANTO DOMINGO
04	PUERTO
05	CERRO CORDILLERA
06	CERRO ALEGRE
07	COMERCIO
08	CERRO CRCEL
09	CERRO BELLAVISTA
10	CERRO LA FLORIDA
11	PLAZA VICTORIA
12	ALMENDRAL
13	CERRO LA CRUZ
14	CERRO LAS CAAS
15	CERRO LA MERCED
16	CERRO LAS RAMADITAS
17	WADDINGTON
18	BARN
19	LOS PLACERES
20	LAS ZORRAS
21	PLACILLA
22	PEUELAS
23	QUEBRADA VERDE
24	SAN FLIX Y SAN AMBROSIO
25	QUEBRADA PHILLIPPI
26	SANTOS OSSA
99	
01	CASABLANCA
02	TAPIHUE
03	LA VINILLA
04	LO ORREGO
05	LAGUNILLAS
06	VALLE HERMOSO
07	SAN JERNIMO
08	LAS DICHAS
09	TUNQUN
10	QUINTAY
11	PITAMA
12	LO OROZCO
13	LO OVALLE
99	
01	CONCN
02	REFINERA
99	
01	JUAN FERNNDEZ
99	
01	PLACILLA DE PUCHUNCAV
02	LA LAGUNA
03	LA CANELA
04	SAN ANTONIO
05	PUCALN
06	LAS MELOSILLAS
07	LOS MAITENES
08	CAMPICHE
99	
01	QUINTERO
02	VALLE ALEGRE
03	DUMUO
99	
01	CASTILLO
02	CASINO
03	MAGALHAES
04	REACA
05	ACHUPALLAS
06	OLIVAR
07	CHORRILLOS
08	VERGARA
09	REFINERA
10	LVAREZ
11	RECREO
12	GMEZ CARREO
13	SANTA INS
14	GLORIAS NAVALES
15	MIRAFLORES
16	PABLO NERUDA
17	REACA ALTO
18	QUINTA VERGARA
19	FORESTAL
20	VILLA MONTES
21	RECREO ALTO
99	
01	HANGA ROA
02	VAITEA
99	
01	LA FERIA
02	LABERINTO
03	ESTACIN
04	EL SAUCE
05	RO BLANCO
06	CHACABUCO
99	
01	TABOLANGO
02	EL PATAGUAL
03	SAN VICENTE
04	POCURO
05	EL GUINDAL
99	
01	CARACOLES
02	LOS PLACERES
03	VALLE ALEGRE
04	CASUTO
99	
01	LA ERMITA
02	SAN REGIS
03	LO CALVO
04	CAMPOS DE AHUMADA
05	SAN FRANCISCO
06	RO COLORADO
07	CARIO BOTADO
08	LA FLORIDA
09	LAS JUNTAS
99	
01	LA LIGUA NORTE
02	LA LIGUA SUR
03	QUEBRADILLA
04	LA HIGUERA
05	PLACILLA
06	PUEBLO DE ROCO
07	CASAS VIEJAS DE LONGOTOMA
08	HUAQUN
09	LOS MOLLES
10	LOS HORNOS
11	TRAPICHE
12	LA ENGORDA
13	PUEBLO DE VARAS
99	
01	ARTIFICIO
02	EL INGENIO
03	PEABLANCA
04	EL QUEMADO
05	CABILDO
06	EL CARTUCHO
07	SAN LORENZO
08	LA MORA
09	HOSPITAL
10	EL CRUCERO
11	CASAS DE ALICAHUE
12	LOS PERALES
13	PITIPEUMO
14	GUAYACN
99	
01	PAPUDO
02	PULLALLI
99	
01	EL PEDERNAL
02	CHALACO
03	EL SOBRANTE
04	CHINCOLCO
05	PETORCA ORIENTE
06	PETORCA PONIENTE
07	HIERRO VIEJO
08	PEDEGUA
09	LAS PALMAS
99	
01	ZAPALLAR
02	CACHAGUA
03	SAN ALFONSO
04	CATAPILCO
05	BLANQUILLO
99	
01	EL TEATRO
02	AVENIDA VALPARASO
03	MAYACA
04	CANCHA SANTA ANA
05	LA TETERA
06	LA PALMA
07	SAN PEDRO
08	LA CAPILLA
09	MAUCO
10	RAUTN
11	BOCO
12	O'HIGGINS
13	LO VARELA
99	
01	EL PEN
02	LAS CABRITAS
03	ARTIFICIO
04	PACHACAMA
05	LAUTARO
99	
01	CONCHAL
02	SAN ANTONIO
03	COQUIMBITO
04	ROMERAL
05	OCOA
99	
01	LA CRUZ
02	LO ROJAS
03	LA PALMILLA
04	POCOCHAY
05	CHARRABATA
99	
01	NOGALES
02	PUCALN
03	EL MELN
04	EL COBRE
05	LA PEA
99	
01	SAN ANTONIO
02	LEYDA
03	CUNCUMN
04	LLOLLEO
05	BARRANCAS
06	LO GALLARDO
99	
01	ALGARROBO
02	SAN JOS
03	LA PEA
99	
01	CARTAGENA
02	LAS PALMAS
03	EL ROSARIO
99	
01	EL QUISCO
99	
01	EL TABO
02	LAS CRUCES
99	
01	SANTO DOMINGO
02	EL CONVENTO
03	YALI
99	
01	CARMEN
02	LA ESCUADRA
03	LOS GRANEROS
04	QUILPU
05	ALMENDRAL
06	SAN RAFAEL
07	CURIMN
08	TIERRAS BLANCAS
09	BELLAVISTA
10	EL ASIENTO
99	
01	CATEMU
02	LAS VACAS
03	LOS CERRILLOS
04	ILHUE
05	SAN JOS
06	CHAGRES
99	
01	LLAILLAY
02	LAS VEGAS
03	LAS MAZAS
04	LOS LOROS
99	
01	LO CAMPO
02	SAN ROQUE
03	PANQUEHUE
04	PALOMAR
01	PUTAENDO
02	RINCONADA DE SILVA
03	LAS COIMAS
04	QUEBRADA DE HERRERA
05	EL MANZANO
06	PIGUCHN
07	LO VICUA
99	
01	SANTA MARA
02	JAHUEL
03	SAN JOS
04	EL AJ
05	SAN FERNANDO
06	EL PINO
99	
01	EL RETIRO
02	BELLOTO SUR
03	LOS PERALES
04	COLLIGUAY
05	LOS YUYOS
06	LOS QUILLAYES
07	LAS PALMAS
08	VALENCIA
09	EL SAUCE
10	BELLOTO NORTE
11	MENA
12	ALTO QUILPU
99	
01	HIPDROMO
02	LA TRINIDAD
03	LO CHAPARRO
04	LOS MAITENES
05	URMENETA
06	FERROCARRIL
07	LIMACHITO
08	TABOLANGO
99	
01	OLMU
02	GRANIZO
03	QUEBRADA ALVARADO
04	PELUMPN
05	LA DORMIDA
99	
01	MUNICIPALIDAD
02	VILLA ALEMANA NORTE
03	MANUEL MONTT
04	SANATORIO
05	JOS MIGUEL CARRERA
06	QUEBRADA ESCOBARES
07	MOSCOSO
08	SAN ENRIQUE
99	
01	INTENDENCIA
02	ESTACIN
03	CEMENTERIO
04	REGIMIENTO
05	ESTADIO
06	CENTENARIIO
07	LA CAPILLA
08	SAN PEDRO
09	LA GAMBOINA
10	LOS QUILOS
11	SANTA LEONOR
12	EL CARMEN
13	PRIMAVERA
14	PUNTA DE CORTS
15	LA FERIA
16	MEDIALUNA
17	RUTA CINCO SUR
18	LA MORANINA
99	
01	CODEGUA
02	TUNCA
03	LA LEONERA
99	
01	COPEQUN
02	COINCO
03	CHILLEHUE
04	RULO
99	
01	COLTAUCO
02	IDAHUE
03	IDAHUILLO
04	PARRAL
05	LO DE CUEVAS
06	MONTE GRANDE
07	ALMENDRO
08	PARRAL DE PURN
99	
01	DOIHUE
02	EL MOLINO
03	ESPERANZA
04	LO MIRANDA
99	
01	GRANEROS
02	LA COMPAA
03	LAS HIGUERAS
04	TUNICHE
99	
01	LAS CABRAS
02	LLALLAUQUN
03	EL MANZANO
04	COCALN
05	SANTA INS
06	QUILAMUTA
07	SALTO DEL AGUA
08	SAN JULIA
09	EL DURAZNO
10	PALMERA
99	
01	SAN JOAQUN
02	MACHAL
03	LA POBLACIN
04	CALETONES
06	EL PANGAL
07	COYA
08	LOS PERALES
09	SAUZAL
99	
01	SAL SI PUEDES
02	PELEQUN
03	MALLOA
04	PANQUEHUE
05	CORCOLN
06	CANTARRANA
07	RIGOLEMO
08	LIMAHUE
99	
01	SAN FRANCISCO
02	ANGOSTURA
03	PEUCO
04	LA PUNTA
99	
01	GULTRO
02	OLIVAR ALTO
03	OLIVAR BAJO
99	
01	PEUMO
02	GULUTRN
03	CODAO
04	LA ROSA
99	
01	PICHIDEGUA
02	ALMAHUE VIEJO
03	ALMAHUE
04	TOCO
05	LAS PATAGUAS
06	SAN JOS DE MARCHIHUE
07	EL CALEUCHE
99	
01	QUINTA DE TILCOCO
02	GUACARHUE
03	ESTACADA DE ARRIBA
04	CARRIZAL
99	
01	CBIL
02	CHAPETN
03	MALAMBO
04	CSARES
05	POPETA
06	CHANQUEAHUE
07	LO DE LOBO
08	ROSARIO
09	APALTA
10	ROSARIO PONIENTE
11	ESMERALDA
99	
01	REQUNOA
02	EL RINCN
03	LOS LIRIOS
04	CAUQUENES
05	PICHIGUAO
06	CHUMACO
99	
01	SAN VICENTE
02	REQUEGUA
03	RASTROJOS
04	RINCONADA
05	TAGUATAGUA
06	LA LAGUNA
07	LAS CRUCES
08	BARRERA
09	PENCAHUE
10	TUNCA
11	TOQUIGUA
12	ZIGA
99	
01	PICHILEMU
02	SAN ANTONIO DE PETREL
03	CARDONAL
04	EL MAQUI
05	EL GUINDO
06	RODEILLO
99	
01	LA ESTRELLA
02	SAN RAFAEL
03	SAN MIGUEL DE LOS LLANOS
04	LA AGUADA
99	
01	LITUECHE
02	SAN VICENTE
03	PULN
04	CARTAGENA
05	HIDANGO
06	LAGUNA TOPOCALMA
07	CENTRAL RAPEL
99	
01	MARCHIHUE
02	ALCONES
03	MARCHANT
99	
01	RAPEL
02	LICANCHEO
03	NAVIDAD
04	PUPUYA
05	TUMN
99	
01	PAREDONES
02	BUCALEMU
03	CABECERAS
04	QUILLAY
05	SAN PEDRO DE ALCNTARA
99	
01	MUNICIPALIDAD
02	ANGOSTURA
03	ROMA
04	EL NARANJAL
05	PEDEHUE
06	TALCAREHUE
07	ANTIVERO
08	AGUA BUENA
09	ISLA DE BRIONES
10	SIERRAS DE BELLAVISTA
11	LOS RULOS
12	ESTACIN
13	MATADERO
99	
01	CHPICA
02	PAREDONES DE AUQUINCO
03	ALMENDRAL
04	LAS PALMAS
05	RINCONADAS
99	
01	CHIMBARONGO
02	CUESTA DE GONZALZ
03	CARRIZAL
04	PIDIHUINCO
05	PEOR ES NADA
06	LA MERCED
07	CONVENTO VIEJO
08	TINGUIRIRICA
09	TRES PUENTES
10	LAS MARIPOSAS
11	EL ROMERAL
12	LA CHIPANA
99	
01	LOLOL
02	NERQUIHUE
03	LOS TRICAHUES
04	RNGUIL
99	
01	NANCAGUA
02	YQUIL
03	CHACARILLAS
04	PUQUILLAY
05	CUNACO
06	SAN JOS DE TORO
99	
01	PALMILLA
02	COLCHAGUA
03	HUIQUE
04	RINCONADA DE PALMILLA
05	SANTA IRENE
99	
01	PERALILLO
02	POBLACIN
03	CALLEUQUE
04	MOLINERO
99	
01	PLACILLA
02	CALABOZO
03	MANANTIALES
04	LA DEHESA
99	
01	PUMANQUE
02	RANQUILHUE
03	NILAHUE CORNEJO
04	NILAHUE
05	RETO
01	SANTA CRUZ
02	CAPELLANA
03	PATAGILLA
04	PANAM
05	YQUIL
06	LA ISLA
07	BARREALES
08	PANIAHUE
09	APALTA
10	EL GUINDO
99	
01	PLAZA DE ARMAS
02	ESTACIN
03	CANCHA RAYADA
04	HOSPITAL
05	ABATE MOLINA
06	MIRADOR
07	COOPERATIVA
08	ESTADIO FISCAL
09	HUILLIBORGOA
10	PANGUILEMO
11	HUILQUILEMU
12	SAN MIGUEL
13	LA FLORIDA
14	LIRCAY
15	PALMIRA
16	ORIENTE
99	
01	PLAZA DE ARMAS
02	MAGUILLN
03	ESTACIN
04	PUT
05	PICHAMN
06	EL MELLICO
07	LOS PELLINES
99	
01	CUREPTO
02	CALPN
03	CONSTANTU
04	HUENCHULLAM
05	COIPU
06	GUALLECO
07	TABUNCO
08	MANZANO
09	RAPILERMO
10	GUAQUN
11	HORNILLOS
99	
01	EMPEDRADO
02	PROVOSTE
03	LOS MANZANOS
04	PUICO
05	RELOCA
99	
01	MAULE
02	MINAS
03	QUERQUEL
04	COLN
05	UNIHUE
06	CHACARILLAS
07	DUAO
08	QUIEPEUMO
99	
01	PELARCO
02	SANTA RITA
03	HUENCUECHO
99	
01	PENCAHUE
02	CORINTO
03	ESTERO
04	TANGUAO
05	BATUCO
06	LIT
07	LA AGUADA
99	
01	CUMPEO
02	MONTE DE GUAJARDO
03	CAMARICO
04	FRUTILLAR
05	PEAFLOR
06	MAITENES
99	
01	SAN CLEMENTE
02	RAMADILLAS
03	SANTA ELENA
04	PEUMO NEGRO
05	BAJOS DE LIRCAY
06	PICAZO
07	RINCN
08	VILCHES
09	CURILLINQUE
10	CERRO COLORADO
11	MAITENES
12	CHEQUN
13	MARIPOSAS
14	LOS MONTES
99	
01	SAN RAFAEL
02	PANGUE
99	
01	PLAZA DE ARMAS
02	REGIMIENTO
03	ARTURO PRAT
04	INDEPENDENCIA
05	LOS ESTANQUES
06	BARRIO ESTACIN
07	EL BOLDO
08	CARACOL
09	PEDERNALES
10	SAUZAL
11	QUELLA
12	POCILLAS
13	SAN ANTONIO
14	SAN MANUEL
15	CORONEL DEL MAULE
16	PILLN
17	LAS GARZAS
18	UNIHUE
99	
01	CHANCO NORTE
02	DOLLIMBUTA
03	PINOTALCA
04	BATUCO
05	PERALILLO
06	CHANCO SUR
99	
01	PELLUHUE
02	CURANIPE
03	CHOVELLN
99	
01	PLAZA DE ARMAS
02	HOSPICIO
03	CERRO CONDELL
04	CEMENTERIO
05	CONVENTO VIEJO
06	TUTUQUN
07	BARROS NEGROS
08	LOS GUINDOS
09	SARMIENTO
10	RAUQUN
11	ZAPALLAR
12	LA OBRA
13	CHEQUENLEMO
14	UPEO
15	POTRERO GRANDE
16	LA QUEBRADA
17	LOS NICHES
18	LICANTN
99	
01	HUALA
02	PATACN
03	CAONE
04	LA HUERTA
99	
01	LICANTN
02	COQUIMBO
03	ILOCA
99	
01	MOLINA
02	ESTACIN
03	ITAHUE
04	LONTU
05	PICHINGAL
06	RO CLARO
07	TRALU
08	YACAL
09	AGUA FRA
10	CHACAYES
99	
01	RAUCO
02	EL VALLE
03	PALQUIBUDI
04	PARRN
99	
01	ROMERAL
02	HUAICO
03	CALABOZO
04	LAGUNA DE TENO
05	LA HUERTA
99	
01	SAGRADA FAMILIA
02	TRAPICHE
03	LO VALDIVIA
04	REQUINGUA
05	CULENAR
06	GUAICUTN
07	VILLA PRAT
08	LOS QUILLAYES
09	COLN
99	
01	TENO
02	PUNTA DEL MONTE
03	COMALLE
04	CERRILLO
05	LAS LIRAS
06	MANZANO
07	LA LAGUNA
99	
01	VICHUQUN
02	LLICO
03	ZAPALLAR
04	TILCURA
01	PLAZA DE ARMAS
02	HOSPICIO
03	LLANCANAO
04	YUNGAY
05	PALMILLA
06	EL ROSARIO
07	MARA AUXILIADORA
08	SAN ANTONIO
09	LLEPO
10	VEGAS DE ANCOA
11	MAICA
99	
01	COLBN
02	BASEZ
03	COLBN ALTO
04	MELADO
05	RABONES
06	RARI
07	CAPILLA PALACIOS
08	PANIMVIDA
09	SAN JOS
99	
01	LONGAV
02	RINCN DE ZIGA
03	BODEGA
04	LA AGUADA
05	MESAMVIDA
06	LOS CRISTALES
07	EL TRNSITO
08	LATIGUILLO
09	LOMA DE VSQUEZ
10	QUINTA SUR
99	
01	PLAZA
02	HOSPITAL
03	ESTADIO
04	LOS CARDOS
05	VIA DEL MAR
06	PALMA ROSA
07	QUINCHAMVIDA
08	MONTE FLOR
09	LAS HORTENSIAS
10	ISLA PENCAHUE
11	HUENUTIL
12	BULLILEO
13	LOS CANELOS
14	CANUCALQUI
99	
01	RETIRO
02	PIGUCHN
03	COPIHUE
04	VILLASECA
05	LOS NABOS
06	LAS CAMELIAS
07	LOS ROBLES
99	
01	PLAZA
02	CEMENTERIO
03	JUNTAS VIEJAS
04	CHANQUIC
05	SANTA CECILIA
06	CABRERA
07	BOBADILLA
08	VAQUERA
09	VILLAVICENCIO
10	MELOZAL
11	CALIBORO
12	LA HUERTA
13	CODELLIMA
14	NIVIRILO
15	EL VALLE
99	
01	VILLA ALEGRE
02	GUARACULN
03	REYES
04	PATAGUAS
05	COIBUNGO
06	PUTAGN
99	
01	YERBAS BUENAS
02	QUILIPN
03	ABRNQUIL
04	RINCN DE ABRNQUIL
05	SANTA ELENA
06	SANTA ANA DE QUERI
07	PEUELAS
99	
01	INTENDENCIA
02	LICEO DE HOMBRES
03	LA CRCEL
04	PLAZA ESPAA
05	ESTACIN CENTRAL
06	CERRO AMARILLO
07	PLAZA CRUZ
08	CEMENTERIO
09	LAGUNA REDONDA
10	PAJONAL
11	MANUEL RODRGUEZ
12	ESCUELA ARGENTINA
13	GENERAL CRUZ
14	ESTACIN TUCAPEL
15	LO MNDEZ
16	LA TOMA
17	LA PLVORA
18	ANDALIN
19	POBLACIN BAQUEDANO
20	PLAZA CONDELL
21	HOSPITAL
22	PLAZA PER
23	PUCHACAY
24	OBSERVATORIO
25	LARENAS
26	PEDRO DE VALDIVIA
27	BILBAO
28	PALOMARES
29	RANCHO GRANDE
30	CHAIMVIDA
31	LAS ULLOAS
32	LO PEQUN
99	
01	MUNICIPALIDAD
02	VILLA MORA
03	SCHWAGER
04	BUEN RETIRO
05	EL CALABOZO
06	EL MANZANO
07	EL PATAGUAL
08	CORCOVADO
09	PLAYA NEGRA
10	SANTA MARA
11	ESCUADRN
99	
01	LONCO
02	MATADERO
03	FBRICA
04	CHIGUAYANTE
05	LA LEONERA
06	AGUA POTABLE
99	
01	FLORIDA
02	DANQUILCO
03	SAN ANTONIO DE DADI
04	COPIULEMU
05	JUAN CHICO
06	CASABLANCA
99	
01	HUALQUI
02	EL GUILA
03	CHAUQUEL
04	AGUA LARGA
05	MILLAHUE
06	QUINQUIBUENO
07	VEGAS DE DIUCA
08	TALCAMVIDA
09	QUILACOYA
10	SAN ONOFRE
99	
01	LOTA ALTO
02	BANNEN
03	LOTA BAJO
04	CEMENTERIO
05	COLCURA
06	CHIVILINGO
99	
01	PENCO
02	FBRICA
03	LIRQUN
04	LAS PATAGUAS
05	MARGARITAS
06	ANDALIN
99	
01	BATRO
02	BOCA SUR
03	LOS ACACIOS
04	SAN PEDRO
05	LOMAS COLORADAS
06	LOS PINARES
99	
01	SANTA JUANA
02	TRICAUCO
03	TANAHUILLN
04	CURAMVIDA
05	COLICO
06	PASO HONDO
07	SAN JERNIMO
08	ESPIGADO
09	AGUA DEL ORO
10	VAQUERA
11	PALIHUE
99	
01	EL PORTN
02	VALDIVIESO
03	CERRO FUENTES
04	LA ADUANA
05	CERRO BUENAVISTA
06	TUMBES
07	ISLA QUIRIQUINA
08	SAN VICENTE
09	ESTADIO
10	HUACHIPATO
11	ESTADIO HIGUERAS
12	SAN MIGUEL
13	EL ARENAL
14	CARRIEL
15	LAS SALINAS
16	BARRANQUILLA
17	ZUNICO
99	
01	EL PUERTO
02	RALIHUE
03	EL MORRO
04	COLIUMO
05	DICHATO
06	PUD
07	RAFAEL
08	CONUCO
09	SAN ANTONIO
10	CORONEY
11	PUNTA DE PARRA
99	
01	RAMUNTCHO
02	HUALPENCILLO
03	CIUDAD DEL NIO
04	CLUB HPICO
05	BREMEN
06	CERRO VERDE
99	
01	LEBU PONIENTE
02	MILLONHUE
03	RNQUIL
05	LOS CAMBUCHOS
06	PEHUN
07	MORGUILLA
08	SANTA ROSA
09	ISLA MOCHA
10	LEBU ORIENTE
99	
01	LARAQUETE
02	CARAMPANGUE
03	RAMADILLAS
04	ARAUCO
05	LOS ANCOS
06	CARIPILN
07	TUBUL
08	LAVAPI
09	QUIAPO
99	
01	CAETE
02	EL REPOSO
03	LOURDES
04	PILIMPILLI
05	BUTAMALAL
06	CAYUCUPIL
07	PELECO
08	LLONCAO
09	LLENQUEHUE
10	LANALHUE
11	POCUNO
12	ANTIQUINA
99	
01	CONTULMO
02	HUILLINCO
03	MAHUILQUE
04	ELICURA
01	CURANILAHUE
02	PLEGARIAS
03	LOS ROS
04	SAN JOS DE COLICO
05	COLICO SUR
06	COLICO
07	MUNDO NUEVO
08	CIFUENTES
09	LAS QUEMAS
99	
01	LOS LAMOS
02	PILPILCO
03	CARAMVIDA
04	TRES PINOS
05	PANGUE
99	
01	TRANAQUEPE
02	QUIDICO
03	TIRA
04	TIRA SUR
99	
01	MERCADO
02	PLAZA BRASIL
03	PLAZA PINTO
04	ESTACIN ARRAYN
05	VIRQUENCO
06	QUILQUE
07	LAS VEGAS
08	LOS GUANACOS
09	PARAGUAY
10	CERRO COLORADO
11	HUMN
12	CHACAYAL
13	EL PERAL
14	CUIBAL
15	SAN CARLOS DE PURN
16	SAN JOS
17	PAILLIHUE
18	EL MORRO
19	SANTA F
20	AVENIDA MAIP
21	SOR VICENTA
99	
01	ANTUCO
02	CENTRAL EL TORO
04	PUERTO NUEVO
99	
01	CABRERO
02	CHARRA
03	CHILLANCITO
04	MONTE GUILA
05	CASAS DE RO CLARO
99	
01	LAJA NORTE
02	PEA BLANCA
03	LOS QUILALES
04	EL DESAGE
05	LAJA SUR
99	
01	MULCHN ORIENTE
02	MULCHN PONIENTE
03	MUNILQUE
04	PILE
08	EL MORRO
09	PEAS VERDES
10	SANTA MNICA
11	MANQUECUEL
12	PILHUN
13	ESTACIN
14	LAPITO
15	RAPELCO
99	
01	NACIMIENTO
02	PICHN
03	CHOROICO
04	QUILQUILCO
05	LIUCURA
06	ESTACIN
07	DOLLINCO
99	
01	NEGRETE
02	COIHUE
03	RIHUE
99	
01	QUILACO
02	QUILAPALO
03	RUCALHUE
04	LONCOPANGUE
99	
01	QUILLECO
02	CURICHE
03	CANTERAS
04	VILLA MERCEDES
05	MILEO
06	CAICURA
99	
01	SAN ROSENDO
02	BUENURAQUI
03	TURQUA
99	
01	SANTA BRBARA
02	MAIL
03	VILLUCURA
04	SALTO EL PERRO
05	QUILLAILEO
06	SAN LORENZO
07	HUEQUECURA
08	MININCO
99	
01	TUCAPEL
02	HUPIL
03	RUCAMANQUI
04	POLCURA
05	TRUPN
99	
01	YUMBEL
02	ESTACIN
03	LA AGUADA
04	SAN CRISTBAL
05	RERE
06	TRAIGUN
07	LUCAY
08	CHOIHUE
09	TOMECO
99	
01	QUEUCO
02	CHAQUILVN
03	PANGUE
04	ALTO BOBO
99	
01	CENTRO
02	ESTADIO MUNICIPAL
03	AMANECER
04	SANTA ELENA
05	SANTA ROSA
06	PUEBLO NUEVO
07	IELOL
08	LANN
09	AVENIDA ALEMANIA
10	LABRANZA
11	TROMN
12	SAN CARLOS
13	DEILLE
14	RALUNCOYN
15	BOLLECO
16	CAUPOLICAN
17	UNIVERSIDAD
18	JAVIERA CARRERA
19	ESTERO COIHUECO
99	
01	MUNICIPALIDAD
02	CEMENTERIO
03	CATRIPULLI
04	BUTACO
05	NEHUENTU
06	LONCOLLAMO
07	YUPEHUE
08	TROVOLHUE
09	EL PERAL
10	LAS ARAUCARIAS
11	EL MANZANAR
12	BUTALN
99	
01	MUNICIPALIDAD
02	NAHUELCURA
03	VILLA GARCA
04	CURACALCO
05	COLICO ORIENTE
06	COLICO PONIENTE
07	RAYN LAFQUN
08	CARILAFQUN
09	LAS HORTENSIAS
10	LOS LAURELES
11	HUICHAHUE
12	CAIVICO
13	LAGO ESPEJO
99	
01	CURARREHUE
02	REIGOLIL
99	
01	FREIRE
02	QUEPE
03	LA SELVA
04	RADAL
05	COIPU
06	SANTA ANA
07	CHUCAUCO
08	HUILO
09	CATRIPULLI
99	
01	GALVARINO
02	IELOL
03	HUIMPIL
04	CURACO
05	LLUFQUENTU
06	ILPE
07	REPOCURA
08	LOS TEMOS
09	PELLAHUENCO
99	
01	GORBEA PONIENTE
02	GORBEA ORIENTE
03	CUARTA FAJA
04	HUELLANTO
05	QUITRATU
06	CHAINAL
07	LASTARRIA
08	MANTAHUE
09	BOTACURA
99	
01	MUNICIPALIDAD
02	LAS ARAUCARIAS
03	REGIMIENTO
04	CEMENTERIO
05	ESTACIN PISCCOLA
06	CHEUQUEPN
07	DOLLINCO
08	LOS PRADOS
09	BAYONA
10	CHEUQUEL
11	PILLANLELBN
12	PUMALAL
13	COLONIA LAUTARO
14	MUCOCHUREO
99	
01	LONCOCHE ORIENTE
02	LONCOCHE PONIENTE
03	LA PAZ
04	NILCAHUN
05	PIDENCO
06	AFQUINTU
07	NANCAHUE
08	HUISCAPI
09	CHESQUE
10	HUIOCO
11	CHANLELFN
99	
01	MELIPEUCO
02	SANTA MARA DE LLAIMA
99	
01	PLAZA
02	ESTACIN
03	GUALACURA
04	LOS HUERTOS
05	MAO
06	RANQUILCO
07	CHACAMO
08	CHIVILCOYN
09	ESTACIN BOROA
10	BOROA
11	ALMAGRO
99	
01	MOLCO
02	IRRIMAPU
03	MAQUEHUE
04	PADRE LAS CASAS
05	AILLACARA
06	COLLAHUE
07	ROBLE GUACHO
08	METRENCO
09	MILLAHUECO
10	TRUFTRUF
99	
01	PERQUENCO
02	QUILLN
03	PARLAMENTO
04	REHUECOYN
99	
01	PITRUFQUN ORIENTE
02	PITRUFQUN PONIENTE
03	NUEVA ETRURIA
04	COMUY
05	QUILQUILCO
06	MILLAHUN
07	POLUL
99	
01	LA PENNSULA
02	CEMENTERIO
03	CABURGUA
04	COILACO
05	PALGUN
06	TERMAS DE RO BLANCO
99	
01	PUERTO SAAVEDRA
02	OOICO
03	PUERTO DOMNGUEZ
04	BUDI
99	
01	QUILMER
02	PUCOLN
03	HUILO
04	BARROS ARANA
05	TEODORO SCHMIDT
06	CHELLE
07	GUALPN
08	PORMA
99	
01	TOLTN
02	QUEULE
03	VILLA LOS BOLDOS
04	PUMALAL
05	ULTRA BOLDO
06	COLONIA SAN JORGE
07	BOROA
99	
01	VILCN
02	SAN PATRICIO
03	CHERQUENCO
04	QUINTRILPE
05	GENERAL LPEZ
06	CURACO
07	PRADOS DE MENDOZA
08	METO
09	ALAMBRADO
10	CAJN
11	NIGARA
99	
01	PLAZA
02	PLAYA PUCAR
03	ESTACIN
04	LOCOTRARO
05	CONQUIL
06	LICN RAY
07	CHESQUE
08	RELN
09	VOIPIR
10	PEDREGOSO
11	HUILIPILN PONIENTE
12	HUILIPILN ORIENTE
99	
01	REPOCURA
02	CHOLCHOL
03	CARIRRIE
04	TRANAHUILLN
05	RAPAHUE
99	
01	CENTRO
02	HOSPITAL
03	EL CAN
04	EL ROSARIO
05	AGUA FRA
06	CHANLEO
07	LOS ALPES
08	MAITENREHUE
09	SAN RAFAEL
10	ITRAQUE
11	LOLENCO
12	COLONIA MANUEL RODRGUEZ
13	HUEQUN
14	LEALTAD
15	ESTACIN
16	REGIMIENTO
99	
01	CHIGUAIHUE
02	CEMENTERIO
03	MUNICIPALIDAD
04	LOLENCO
05	NIZA
06	ESPERANZA
07	ANCO
08	CURACO
09	MALLECO
10	SAN ANDRS
11	JAUJA
12	ENTRE ROS
13	CANAD
99	
01	MUNICIPALIDAD
02	ESTACIN
03	RARIRRUCA
04	TOLGUACA
05	PIDENCO
06	MANZANAR
07	MALALCAHUELLO
08	HUEIVALES
09	CAPTRN
10	SANTA JULIA
99	
01	ERCILLA
02	HUEQUN
03	PAILAHUEQUE
04	TEMOCUICUI
05	PIDIMA
99	
01	LONQUIMAY
02	CONTRACO
03	RNQUIL
04	RAHUE
05	MITRANQUN
06	LIUCURA
07	RO PEDREGOSO
08	ICALMA
99	
01	MUNICIPALIDAD
02	ROMULHUECO
03	JUAN TRINTRE
04	PELEHUE
05	SAN LUS
06	SANTA ROSA
07	CENTENARIO
08	SAN RAMN
09	LA VILLA
99	
01	LUMACO
02	QUETRAHUE
03	REICO
04	CHANCO
05	PICHIPELLAHUN
06	MADIHUE
07	LA HERRADURA
08	CALCOI
09	RELN
10	CAPITN PASTENE
99	
01	MUNICIPALIDAD
02	CEMENTERIO
03	IPINCO
04	COYANCAHUN
05	PINGUIDAHUE
06	MANZANAL
99	
01	RENAICO
02	ROBLERA
03	MININCO
04	COIHUECO
99	
01	MUNICIPALIDAD
02	GUACOLDA
03	CORONEL URRUTIA
04	MALALHUE
05	HOSPITAL
06	LAS OBRAS
07	TRICAUCO
08	LA COLMENA
09	CHUFQUN
10	HUIILHUE
11	NAHUELVN
12	QUILQUN
13	QUECHEREGUAS
14	ANIIR
99	
01	MUNICIPALIDAD
02	MOLINO
03	RO TRAIGUN
04	HOSPITAL
05	VICTORIA SUR
06	QUILQUILCO
07	ROSARIO
08	SAN GREGORIO
09	PEHUENCO
10	SANTA TERESA
11	SELVA OSCURA
12	SANTA ANA
13	CULLINCO
14	PA
15	QUINO
16	MANZANACO
17	MARA ESTER
18	ADENCUL
19	DUMO
99	
01	ESTACIN
02	ALGELM
03	MIRASOL
04	CHINCHN
05	INTENDENCIA
06	PELLUCO
07	ALERCE
08	CORRENTOSO
09	QUILLAIPE
10	LENCA
11	TENGLO
12	MAILLN
13	PANITAO
14	EL GATO
15	TEPUAL
16	LAS QUEMAS
17	LA PALOMA
18	MATADERO
99	
01	CHALLAHUE
02	AGUANTAO
03	GUAYN
04	RO TAMBOR
05	SAN RAFAEL
06	EL ROSARIO
07	QUETRULAUQUN
08	ALFARO
09	CHUCAHUE
10	PULUQUI
11	MACHILDAD
12	LLAICHA
13	CHECHIL
14	CALBUCO
15	CAICAN
16	SAN JOS DE QUIGUA
17	QUENU
18	CHIDGUAPI
19	TABN
20	QUEULLN
99	
01	COCHAM
02	PASO EL LEN
03	PUELO
04	SEGUNDO CORRAL
05	YATES
99	
01	FRESIA
02	LA COSTA
03	TEGUALDA
04	CAAL
05	PARGA
06	LLICO
99	
01	FRUTILLAR
02	PARAGUAY
03	CASMA
04	LOS BAJOS
99	
01	LOS MUERMOS
02	LOS OSTIONES
03	CARACOL
04	CORDILLERA DEL ZARAO
05	ADI
06	RO FRO
07	CULULIL
08	PALIHUE
99	
01	LLANQUIHUE
02	IANSA
03	LONCOTORO
04	COLEGUAL
99	
01	MAULLN
02	QUENUIR
03	LOLCURA
04	MISQUIHU
05	OLMOPULLI
06	CARIQUILDA
07	CARELMAPU
99	
01	PUERTO VARAS
02	NUEVA BRAUNAU
03	PARAGUAY GRANDE
04	SANTA MARA
05	LA FBRICA
06	LOS RISCOS
07	ENSENADA
08	PEULLA
09	RALN
99	
01	CASTRO
02	GAMBOA
03	LLAULLAO
04	PIRUQUINA
05	SAN JOS
06	RILN
07	CHELN
08	QUEHUI
09	YUTUY
10	SAN PEDRO
99	
01	CUARTELES
02	INTENDENCIA
03	QUEMPILLN
04	PUGUEN
05	CHACAO
06	PUMANZANO
07	DEGA
08	PUNTRA
09	COPOMO
10	PILLUCO
11	CALLE
99	
01	CHONCHI
02	TEUPA
03	TERAO
04	NATRI
05	HUILLINCO
06	CUCAO
07	NOTU
08	RAUCO
09	CURACO
99	
01	CURACO DE VLEZ
02	SAN JAVIER
03	PALQUI
99	
01	DALCAHUE
02	SAN PEDRO
03	BUTALCURA
04	SAN JUAN
05	QUETALCO
06	TENAN
99	
01	PUQUELDN
02	ALDACHILDO
03	ICHUAC
04	DETIF
01	QUEILN
02	CENTINELA
03	TRANQUI
04	DETICO
05	AGONI
06	PAILDAD
99	
01	QUELLN
02	HUILDAD
03	CHADMO
04	CATIAO
05	CHAIGUATA
06	ASASSAO
07	GUAFO
08	COLDITA
09	LAITEC
10	CAILN
99	
01	QUEMCHI
02	LLIUCO
03	AUCAR
04	CAUCAHU
05	COL
06	TENAN
07	MECHUQUE
08	BUTACHAUQUES
09	TAC
99	
01	ACHAO
02	LLINGUA
03	LINLN
04	MEULN
05	QUENAC
06	CAGUACHE
07	APIAO
08	CHAULINEC
09	ALAO
10	QUINCHAO
99	
01	AMADOR BARRIENTOS
02	CEMENTERIO MUNICIPAL
03	PLAZA
04	MUNICIPALIDAD
05	RAHUE
06	OVEJERA
07	LAS QUEMAS
08	PILAUCO
09	MISIN DE CUINCO
10	FORRAHUE
11	CHACAYAL
12	REMEHUE
13	POLLOICO
14	CHUYACA
15	TACAM
16	PICHIL
17	CANCURA
18	CONCEPCION
19	CEMENTERIO
99	
01	PUERTO OCTAY
02	COIHUECO
03	EL VOLCN
04	EL ISLOTE
99	
01	PURRANQUE
02	OROMO
03	COICO
04	CORTE ALTO
05	MAIPU
06	HUEYUSCA
07	RO BLANCO
08	LOS PABILOS
99	
01	ENTRE LAGOS
02	ANTILLANCA
03	PICHIDAMAS
04	LAGO RUPANCO
99	
01	RO NEGRO
02	TRES ESTEROS
03	HUILMA
04	CAIPULLI
05	CHAHUILCO
06	RIACHUELO
99	
01	SAN JUAN DE LA COSTA
02	LOMA DE LA PIEDRA
03	BOCA DEL RO BUENO
04	PUAUCHO
05	PUCATRIHUE
01	SAN PABLO
02	SANTA ROSA
03	PUTABLA
04	SUCUTUY
05	COLHUE
06	ROSARIO DE LAS NIMAS
07	BELLAVISTA
08	QUILACAHUN
09	TRUMAO
10	CARACOL
11	DOLLINCO
12	JUNCOS
99	
01	CHAITN
02	CHUMELDN
03	AYACARA
04	LAGO YELCHO
05	CHULN
06	TALCN
07	DESERTORES
08	CHUIT
09	RIIHUE
99	
01	FUTALEUF
02	RO AZULADO
03	RO CHICO
99	
01	CONTAO
02	LLEGUIMN
03	HUALAIHU
04	RO NEGRO
05	ISLA LLANCAHUE
06	RO VODUDAHUE
99	
01	PALENA
02	EL TRANQUILO
03	EL MALITO
04	LAGO YELCHO
99	
01	COYHAIQUE
02	MANO NEGRA
03	IREGUAO
04	LAGO POLLUX
05	BALMACEDA
06	LAGO ELIZALDE
07	RO SIMPSON
08	LAGO CARO
09	LAGO PEDRO AGUIRRE CERDA
10	RO CLARO
11	LAS BANDURRIAS
12	CERRO DIVISADERO
13	ESTERO LA CRUZ
99	
01	LAGO VERDE
02	ROS DE LOS NEVADOS
03	LOMA BAJA
04	LA TAPERA
05	CISNES MEDIO
99	
01	PUERTO AYSN
02	MAIGUALES
03	FARELLONES
04	VALLE LOS LAGOS
05	SAN RAFAEL
06	LAS HUICHAS
07	PUERTO CHACABUCO
99	
01	PUERTO CISNES
02	LAGO ROSSELOT
03	LAGO PRESIDENTE ROOSEVELT
04	LOS CHONOS
05	CORCOVADO
06	ISLA TANGBAC
99	
01	GUAITECAS
99	
01	RO CHACABUCO
02	LAGO COCHRANE
03	VALLE COLONIA
04	RO NEFF
05	LAGO VARGAS
06	RO DE LOS ADIS
07	VENTISQUERO
99	
01	RIO BRAVO
02	CANDELARIO MANSILLA
03	RIO VENTISQUERO
04	VILLA O'HIGGINS
99	
01	TORTEL
01	CHILE CHICO
02	GUADAL
03	LAGO BERTRAND
04	RO LEN
05	FACHINAL
99	
01	PUERTO IBEZ
02	LAS MINAS
03	LAGO  LAPPARENT
04	CERRO CAJN
05	ANTOLN SILVA
06	PUERTO RO TRANQUILO
07	MURTA
99	
01	PUNTA ARENOSA
02	BARRIO YUGOSLAVO
03	GOBERNADOR VIEL
04	BARRIO PRAT
05	CENTRO
06	PUDETO
07	BARRIO SUR
08	DIECIOCHO DE SEPTIEMBRE
09	KON-AIKEN
10	LAS MINAS
11	RO GRANDE
12	AGUA FRESCA
13	SILVA PALMA
14	ISLA DAWSON
15	ISLA CLARENCE
99	
01	LAGUNA BLANCA
01	CRUZ DEL SUR
02	ISLA RIESCO
01	SAN GREGORIO
02	FENTON
99	
01	ISLA NAVARINO
02	HOSTE
03	DARWIN
99	
01	PILOTO PARDO
02	TIERRA DE O'HIGGINS
01	PORVENIR
02	CALETA JOSEFINA
03	SAN SEBASTIN
99	
01	CERRO SOMBRERO
02	BAHA FELIPE
01	TIMAUKEL
01	NATALES
02	LAGO ANBAL PINTO
03	MUOZ GAMERO
04	PUERTO EDN
05	CUEVA DEL MILODN
99	
01	CERRO CASTILLO
02	TORRES DEL PAINE
99	
01	HUELN
02	MONEDA
03	AMUNTEGUI
04	BRASIL
05	CHACABUCO
06	PORTALES
07	MATUCANA
08	SAN SATURNINO
09	MAPOCHO
10	VICUA MACKENNA
11	SAN ISIDRO
12	UNIVERSIDAD
13	ALMAGRO
14	PORVENIR
15	SAN DIEGO
16	SANTA ELENA
17	CARMEN
18	VICTORIA
19	VALPARASO
20	FRANKLIN
21	MATADERO
22	PARQUE OHIGGINS
23	CLUB HPICO
24	SAN EUGENIO
25	EXPOSICIN
26	SAN ALFONSO
27	AVENIDA ESPAA
28	EJRCITO
29	QUINTA NORMAL
99	
01	CERRILLOS
02	VILLA MXICO
03	DIVINO MAESTRO
04	LO ERRZURIZ
99	
01	CERRO NAVIA
02	JANEQUEO
03	JOS JOAQUN PREZ
04	POBLACIN ROOSEVELT
05	DALMACIA
06	EL MONTIJO
07	VIOLETA PARRA
08	VICTORIA
09	RO VIEJO
99	
01	CONCHAL
02	JUANITA AGUIRRE
03	POMAIRE
04	ENEAS GONEL
05	LA PALMA
06	MONTERREY
07	EL CORTIJO
08	LUTHER KING
09	MUNICIPALIDAD
10	EL COMENDADOR
99	
01	EL BOSQUE
02	LAGOS DE CHILE
03	CAPITN VALOS
04	SARGENTO ALDEA
05	AVIADORES
06	SANTA ELENA
07	EL ALMENDRO
08	LEN XIII
09	LOS CNDORES
10	LAS PARCELAS
99	
01	ESTACIN CENTRAL
02	MAESTRANZA
03	HERMANOS CARRERA
04	NOGALES
05	LA ARAUCANA
06	INFANTE CERDA
07	CHUCHUNCO
08	LAS PARCELAS
09	LAS REJAS
10	PILA DEL GANSO
11	ECUADOR
12	UNIVERSIDAD TCNICA
13	BERNAL DEL MERCADO
14	AEROPUERTO
99	
01	HUECHURABA
02	LA PINCOYA
03	AVENIDA PRINCIPAL
04	REPBLICA DE FRANCIA
05	LA PIRMIDE
06	PARQUE DEL RECUERDO
99	
01	INDEPENDENCIA
02	JUAN ANTONIO ROS
03	MIRAFLORES
04	HIPDROMO
05	SANTA LAURA
06	EL MOLINO
07	ESCUELA DE MEDICINA
99	
01	LA CISTERNA
02	OCHAGAVA
03	LO OVALLE
04	EL PARRN
05	VICUA MACKENNA
06	LA CULTURA
99	
01	MUNICIPALIDAD
02	BALNEARIO MUNICIPAL
03	GERNIMO DE ALDERETE
04	ROJAS MAGALLANES
05	DEPARTAMENTAL
06	WALKER MARTNEZ
07	CANAL LAS PERDICES
08	SANTA JULIA
09	SANTA INS
10	SANTA AMALIA
11	SAN JORGE
12	SAN PEDRO
13	MARA ELENA
14	POZO ARENERO
15	SAN JOS DE LA ESTRELLA
16	GENERAL ARRIAGADA
17	AVENIDA TRINIDAD
18	PUNTA ARENAS
19	MANUTARA
20	STERO DEL RO
21	LA AGUIRRE
99	
01	LA GRANJA
02	SAN GREGORIO PONIENTE
03	MALAQUAS CONCHA
04	AVENIDA CENTRAL
05	PARQUE INTERCOMUNAL
06	SAN GREGORIO ORIENTE
07	SAN JOS DE LA ESTRELLA
08	SANTA ROSA
99	
01	MAPUHU
02	SAN RICARDO
03	PABLO DE ROKHA
04	ANTUMAPU
05	LA PLATINA
06	REY DON FELIPE
07	VICENTE LLANOS
08	LA PRIMAVERA
99	
01	LARRAN
02	LYNCH NORTE
03	PRNCIPE DE GALES
04	PARQUE LA QUINTRALA
05	PLAZA OSSANDN
06	LA REINA
07	AERDROMO TOBALABA
99	
01	ESCUELA MILITAR
02	ESTADIO PALESTINO
03	HOSPITAL FACH
04	LAS CONDES
05	ESTADIO ITALIANO
06	LOS DOMNICOS
07	CERRO APOQUINDO
08	CHAPIQUIA
09	EL PILLN
10	SEBASTIN EL CANO
11	ESTADIO ESPAOL
12	VATICANO
13	CERRO SAN LUIS
14	HOSPITAL DE CARABINEROS
15	SAN CARLOS DE APOQUINDO
16	CERRO CALN
99	
01	LA DEHESA
02	EL ARRAYN
03	FARELLONES
04	LO BARNECHEA
99	
01	LO ESPEJO
02	LAS TORRES
03	POBLACIN CARO SUR
04	POBLACIN CARO NORTE
05	QUIRIQUINA
06	CARLOS DITTBORN
07	CLARA ESTRELLA
99	
01	LO PRADO
02	BLANQUEADO
03	TERRITORIO ANTRTICO
04	CALIFORNIA
05	OSCAR BONILLA
06	COSTA RICA
07	NEPTUNO
99	
01	LO PLAZA
02	MACUL
03	PEDREROS
04	CAMINO AGRCOLA
05	VILLA SANTA CAROLINA
06	IGNACIO CARRERA PINTO
99	
01	CINCO DE ABRIL
02	LOS LIBERTADORES
03	RAMN FREIRE
04	FERIA INTERNACIONAL
05	LAS INDUSTRIAS
06	SAN MARTN
07	MAIP PONIENTE
08	PORTALES
09	TEMPLO VOTIVO
10	OHIGGINS
11	LAS HERAS
12	BLANCO ENCALADA
13	LA RINCONADA
14	LAS LOMAS
15	ESQUINA BLANCA
16	NUEVA SAN MARTN
17	SAN JOS
18	EL CARMEN
19	EL BOSQUE
20	LOS PAJARITOS
21	LAS PARCELAS
22	SIMN BOLIVAR
23	CIUDAD SATLITE
99	
01	SIMN BOLIVAR
02	PUCAR
03	PLAZA LOS GUINDOS
04	CHACRA VALPARASO
05	PLAZA UOA
06	SANTA JULIA
07	PLAZA ZAARTU
08	ESTADIO NACIONAL
09	PISCINA MUNDT
10	CRESCENTE ERRZURIZ
11	HOSPITAL DE CARABINEROS
99	
01	LA VICTORIA
02	ESTADIO YARUR
03	LA MARINA
04	MIGUEL DVILA
05	LA FERIA
06	LO VALLEDOR NORTE
07	LO VALLEDOR SUR
08	NAVIDAD
99	
01	JOS ARRIETA
02	PEALOLN
03	LO HERMIDA
04	TORRES DE MACUL
05	VIA MACUL
06	VILLA LOS LAGOS
07	AVENIDA PARQUE
08	QUEBRADA CAMARONES
09	DIAGONAL LAS TORRES
10	GABRIELA MISTRAL
11	SIMN BOLIVAR
99	
01	CONDELL
02	PEDRO DE VALDIVIA
03	LOS LEONES
04	POCURO
05	DIEGO DE ALMAGRO
06	PARQUE BUSTAMANTE
07	PEDRO DE VALDIVIA NORTE
08	HOSPITAL MILITAR
99	
01	MUNICIPALIDAD
02	EMBALSE LO PRADO
03	BARRANCAS
04	LA ESTRELLA
05	ESTRELLA DE CHILE
06	SANTA CORINA
07	LO AGUIRRE
08	PUDAHUEL
09	FEDERICO ERRZURIZ
10	SAN DANIEL
99	
01	QUILICURA
02	LO ECHEVERS
03	SAN IGNACIO
04	MANUEL ANTONIO MATTA
99	
01	MUNICIPALIDAD
02	CARRASCAL
03	YUNGAY
04	VILLA SANA
05	QUIDORA
06	MERCURIO
07	CNSUL POINSETT
08	CATAMARCA
09	FRONTERA
99	
01	RECOLETA
02	CERRO BLANCO
03	CEMENTERIO GENERAL
04	LO ARNGUIZ
05	SALZBURGO
06	CEMENTERIO ISRAELITA
07	QUINTA BELLA
08	CEMENTERIO CATLICO
09	REGIMIENTO BUIN
10	CERRO SAN CRISTBAL
11	EMILIANO ZAPATA
12	ARCO IRIS
13	EL SALTO
99	
01	RENCA
02	LO RUIZ
03	JOS MIGUEL CARRERA
04	SANTA MARA
05	PLANTA ELCTRICA
06	JOS MIGUEL INFANTE
07	EL PEREJIL
08	CERRO COLORADO
09	CHUNGAR
10	CLOTARIO BLEST
99	
01	SAN JOAQUN
02	EL PINAR
03	EDWARDS BELLO NORTE
04	EDWARDS BELLO SUR
05	LA CASTRINA
06	PEDRO MIRA
07	LAS INDUSTRIAS
99	
01	BARROS LUCO
02	LO VIAL
03	LO MENA
04	ATACAMA
05	SALESIANOS
06	EL LLANO
07	CIUDAD DEL NIO
99	
01	POBLACIN MODELO
02	LAS AMRICAS
03	PARAGUAY
04	GENERAL KRNER
05	LA BANDERA
06	SAN RAMN
07	PARQUE LA BANDERA
99	
01	NACIONES UNIDAS
02	ESTADIO MANQUEHUE
03	LO CURRO
04	CLUB DE GOLF
05	VITACURA
99	
01	PUENTE ALTO
02	EL PERAL
03	LAS VIZCACHAS
04	REGIMIENTO
05	BAJOS DE MENA
06	TOCORNAL
07	GABRIELA
08	SAN CARLOS
09	STERO DEL RIO
10	LOS JARDINES
11	EL LABRADOR
12	LOS TOROS
13	ARTURO PRAT
14	EJRCITO LIBERTADOR
15	TENIENTE BELLO
16	PORVENIR
17	PADRE HURTADO
18	AVENIDA CHILO
19	LAS NIEVES ORIENTE
99	
01	PIRQUE
02	SANTA RITA
03	EL PRINCIPAL
99	
01	SAN JOS
02	RO COLORADO
03	SAN GABRIEL
04	QUELTEHUES
05	EL INGENIO
06	EL CANELO
99	
01	COLINA
02	CHICUREO
03	ALGARROBAL
04	PELDEHUE
05	CHACABUCO
06	COLINA ORIENTE
99	
01	LAMPA
02	CHICAUMA
03	BATUCO
04	LA VILANA
05	LIPANGUE
99	
01	TILTIL
02	POLPAICO
03	MONTENEGRO
04	RUNGUE
05	CALEU
99	
01	O'HIGGINS
02	ESCUELA DE INFANTERA
03	CALDERN DE LA BARCA
04	SANTA MARTA
05	HOSPITAL
06	CERRO NEGRO
07	MAESTRANZA
08	NOS
09	NOGALES
10	TEJAS DE CHENA
11	CHENA
12	LO HERRERA
13	ESTACIN
14	LOS MORROS
99	
01	BUIN
02	ALTO JAHUEL
03	LINDEROS
04	MAIPO
05	VALDIDIA DE PAINE
06	EL RECURSO
99	
01	CALERA DE TANGO
02	SAN AGUSTN
03	SANTA INS
04	CALERA DE TANGO SUR
05	BAJOS DE SAN AGUSTN
99	
01	PAINE
02	HUELQUN
03	HOSPITAL
04	ACULEO
05	CHADA
06	PAINE SUR
07	EL TRNSITO
08	CHAMPA
09	ABRANTES
99	
01	MELIPILLA PONIENTE
02	MELIPILLA ORIENTE
03	CHOCALN
04	CHOLQUI
05	LOS GUINDOS
06	MAITENES
07	CULIPRN
08	HUECHN
09	LUMBRERA
10	SAN JOS
11	MALLARAUCO
12	POMAIRE
13	PUANGUE PONIENTE
14	CEMENTERIO
15	CODIGUA
16	BOLLENAR
17	SAN BERNARDO
99	
01	VILLA ALHU
02	TORO
03	POLULO
04	YERBAS BUENAS
05	CARN
99	
01	CURACAV
02	MIRAFLORES
03	LO PRADO
04	ZAPATA
05	CARN
06	CURACAV SUR
07	LOLENCO
08	ALHU
99	
01	MARA PINTO
02	LO OVALLE
03	CHOROMBO
04	IBACACHE
05	EL PARRN
99	
01	SAN PEDRO
02	LONGOVILO
03	SANTA ROSA
04	LOICA
05	CORNECHE
06	NIHUE
99	
01	ESTACIN
02	EL OLIVETO
03	TREBULCO
04	ENTRERROS
99	
01	EL MONTE
02	CHIIHUE
03	EL PAICO
99	
01	RECREO
02	ISLA DE MAIPO
03	ROSARIO
04	NALTAGUA
05	SAN ANTONIO DE NALTAGUA
99	
01	CASA DE EJERCICIOS
02	ESPERANZA
03	PADRE HURTADO
04	VILLA LOS SILOS
05	EL TREBAL
99	
01	PEAFLOR
02	MALLOCO
03	CAUPOLICN
99	
01	CAMILO HENRQUEZ
02	ISLA TEJA
03	MERCEDES
04	LAS NIMAS
05	ESTACIN
06	HUELLELHUE
07	TENIENTE MERINO
08	LAS MULATAS
09	PANTANO
10	AGUIRRE
11	PICHOY
12	MOLCO
13	PISHUINCO
14	SANTO DOMINGO
15	GUACAMAYO
16	ESTANCILLA
17	NIEBLA
18	CURIANCO
19	TAMBILLO
99	
01	CORRAL
02	ISLA DEL REY
03	TRES BOCAS
04	CHAIHUN
99	
01	LANCO
02	QUILCHE
03	MALALHUE
04	EL ARCO
05	HUENUYE
06	QUILQUIL
07	PEEHUE
99	
01	COLLILEUFU
02	TOMN
03	MALIHUE
04	RIIHUE
05	PICHICO
06	EL TRBOL
07	QUILQUILCO
08	ENCO
09	QUILAHUENTRU
10	HUITE
12	FOLILCO
99	
01	MFIL
02	CHIGUAO
03	MILLAHUILLN
04	HUICHACO
05	MULPN
99	
01	SAN JOS
02	LINGUE
03	CIRUELOS
04	MELIQUINA
05	PELCHUQUN
06	CRUCES
07	YECO
99	
01	LOS ULMOS
02	PULICN
03	PAILLACO
04	ITROPULLI
05	REUMN
99	
01	PANGUIPULLI
02	PANGUILELFN
03	CALAFQUN
04	MELEFQUN
05	COARIPE
06	LIQUIE
07	CHOSHUENCO
08	COIHUECO
09	EL DESAGE
10	CORRELTU
11	NELTUME
12	RO HUAHUM
99	
01	LA UNIN
02	CUDICO
03	CUNCOS
04	EL PELIGRO
05	CENTINELA
06	GUACAHUE
07	ROFUCO
08	LOS CHILCOS
09	TRAIGUN
99	
01	FUTRONO
02	HUITE
03	LLIFN
04	LONCOPN
05	QUIMN
06	MAIHU
99	
01	LAGO RANCO
02	RIINAHUE
03	IGNAO
04	LAGO MAIHU
05	RUPUMEICA
99	
01	RO BUENO
02	PURRIHUN
03	PAILLAHUE
05	LICN
06	PUYEHUE
07	COCULE
08	CAYURRUCA
09	VIVANCO
10	SAN PABLO
11	MAIHUE
99	
01	PUERTO
02	REGIMIENTO
03	CHINCHORRO
04	SAN JOS
05	POBLACIN CHILE
06	AZAPA
07	JOSE MANUEL BALMACEDA
08	CARLOS DITTBORN
09	PARQUE LAUCA
10	JOSE MIGUEL CARRERA
11	CONDELL
12	FUERTE CIUDADELA
13	CHACA
14	EL MORRO
15	CHACALLUTA
16	MOLINOS
17	PEDRO BLANQUIER
18	CANCHA RAYADA
19	LAS TORRES
99	
01	CODPA
02	CARITAYA
03	ESQUIA
04	CAMARONES
05	CUYA
01	PUTRE
02	CAQUENA
03	PARINACOTA
04	SOCOROMA
05	BELN
06	LAUCA
07	TIGNAMAR
08	SURIRE
09	ITIZA
99	
01	VISVIRI
02	NASAHUENTO
03	CORONEL ALCRRECA
04	TACORA
99	
01	PLAZA DE ARMAS
02	MERCADO
03	ESTADIO
04	CHILLN
05	CEMENTERIO
06	EL GUAPE
07	LOS GUINDOS
08	CONFLUENCIA
09	SANTA PATRICIA
10	RINCONADA DE CATO
11	LLUANCO
12	BOYN
13	ESCUELA DE AGRONOMA
14	PUENTE UBLE
15	SAN BERNARDO
16	VICUA MACKENNA
17	CARDENAL CARO
99	
01	BULNES
02	EL ROBLE
03	LIBUY
04	SANTA CLARA
05	PUEBLO SECO
06	LOS TILOS
07	BULNES CHICO
08	RINCONADA DE COLTN
99	
01	LOMAS BLANCAS
02	RUCAPEQUN
03	LLOLLINCO
04	CHILLN VIEJO
05	QUILMO
99	
01	EL CARMEN
02	RINCONADA
03	MAIPO
04	TEMUCOTILLO
05	TREGUALEMU
06	PALOS BLANCOS
07	ISLA DE SAN VICENTE
99	
01	PEMUCO
02	SAN LUS DE PALPAL
03	CARTAGO
04	EL CIPRS
05	QUILAMN CHICO
06	CULENCO
07	VALLE HERMOSO
08	ESTACIN GENERAL CRUZ
09	CHEQUENES
99	
01	PINTO
02	PINCURA
03	TESTAMENTADURA
04	TRELLENCAS
05	RECINTO
06	ATACALCO
99	
01	QUILLN
02	CERRO NEGRO
03	PASO HONDO
04	QUEIME
05	BULLUQUN
06	COYANCO
99	
01	SAN IGNACIO
02	MONTENEGRO
03	SAN MIGUEL
04	VEGAS DE SANTA JUANA
05	QUIRIQUINA
06	PUEBLO SECO
99	
01	YUNGAY
02	EL PEDREGAL
03	CHOLGUN GRANDE
04	LAS CRUCES
05	EL AVELLANO
06	COLONIA SANTA LUCA
07	ENTRE ROS
08	CURAPASO
09	CAMPANARIO
10	PANGAL DEL LAJA
99	
01	QUIRIHUE
02	SAN JUAN DE DIOS
03	MANQUIMILI
04	CURIMAQUI
05	HUEDQUE
06	CHIRIPA
99	
01	BUCHUPUREO
02	COBQUECURA
03	TAUC
04	COLMUYAO
05	POTREROS DEL REY
99	
01	COELEMU
02	RANGUELMO
03	EL CALABOZO
04	VEGAS DE ITATA
99	
01	SAN JOS
02	NINHUE
03	SAN FRANCISCO
04	LLOHU
99	
01	PORTEZUELO
02	LLAHUECUY
03	ORILLA DE ITATA
99	
01	IPAS
02	CAPILLA DE RNQUIL
03	SAN IGNACIO DE PALOMARES
99	
01	QUILPOLEMU
02	TREGUACO
03	DENECN
01	CEMENTERIO
02	PLAZA DE ARMAS
03	MEDIALUNA
04	SAN CARLOS DE PONIENTE
05	COCHARCAS
06	QUILELTO
07	MONTE BLANCO
08	CACHAPOAL
09	LAS ARBOLEDAS
10	AGUA BUENA
11	BULI
12	MILLAUQUN
13	TOQUIGUA
14	COLOMVIDA
99	
01	COIHUECO
02	RANQUILILAHUE
03	LOS GUINDOS
04	COIHUECO PONIENTE
05	RELBUNCO
06	TIERRA BLANCA
07	SANTA GERTRUDIS
08	MOGOTILLO
09	LAS MINAS DEL PRADO
10	BUSTAMANTE
11	NAHUELTORO
12	CHACAYAL
99	
01	SAN GREGORIO
02	SAN VICENTE
03	TIUQUILEMU
04	IQUN
05	LA FLOR DE IQUN
06	BELN
99	
01	LOS MONOS
02	TRABUNCURA
03	SAN FABIN DE ALICO
04	LARA
05	EL ROBLE GUACHO
99	
01	QUILLAHUE
02	SAN NICOLS
03	MARAVILLA
04	VERQUIC
05	MONTE LEN
06	DADINCO
07	ESTERO CUCHA
